Eval_AverageReturn,Eval_StdReturn,Eval_MaxReturn,Eval_MinReturn,Eval_AverageEpLen,Train_AverageReturn,Train_StdReturn,Train_MaxReturn,Train_MinReturn,Train_AverageEpLen,Actor Loss,Train_EnvstepsSoFar,TimeSinceStart,Initial_DataCollection_AverageReturn,step
-192.58194,78.06836,-131.01335,-345.5572,97.2,-212.92169,94.29138,-48.904526,-377.61694,89.25,-6.364266872406006,1071,1.406806468963623,-212.92169,0
-107.07774,51.190487,-59.301125,-203.62611,86.0,-180.62158,86.48275,-87.04376,-333.30975,87.5,-7.84810733795166,2121,2.612994909286499,,1
-99.65316,48.77954,-8.440971,-153.5473,81.16666666666667,-148.17682,31.053642,-97.65067,-206.37445,84.08333333333333,-8.570052146911621,3130,3.6188104152679443,,2
-170.77377,89.46754,-103.633194,-336.36993,82.0,-149.93756,79.87391,-79.76936,-389.84677,83.33333333333333,-6.005234718322754,4130,4.565537214279175,,3
-177.20825,92.677246,-63.118034,-297.997,75.83333333333333,-176.56529,74.61975,-41.601227,-318.26758,92.0,-5.040247917175293,5142,5.585434436798096,,4
-290.593,102.43551,-120.32019,-421.2086,86.4,-166.0349,82.81869,3.8308563,-273.69904,77.15384615384616,-13.149007797241211,6145,6.666163921356201,,5
-198.36913,104.88445,-110.69931,-391.05008,72.83333333333333,-299.20892,69.44042,-165.92447,-399.8785,81.15384615384616,-10.94410228729248,7200,7.734323024749756,,6
-189.8167,69.00646,-114.56654,-314.29724,87.4,-242.58015,72.3308,-122.432175,-405.75067,81.07692307692308,-8.13473892211914,8254,8.775122880935669,,7
-174.28493,92.99863,-85.76617,-365.34882,79.5,-168.07553,75.081406,-98.12194,-357.39093,77.15384615384616,-6.848240375518799,9257,9.827585220336914,,8
-128.98682,36.353065,-94.25962,-196.31287,85.0,-155.8598,89.94273,34.520447,-324.80682,84.91666666666667,-4.525022029876709,10276,10.820266246795654,,9
-154.33774,57.376537,-99.794754,-261.79816,98.8,-148.14986,79.35022,23.817314,-287.44672,85.5,-6.622699737548828,11302,11.870144128799438,,10
-146.49654,67.35876,-59.13733,-255.62775,95.6,-124.99287,71.17136,-49.950047,-250.64062,98.54545454545455,-9.402381896972656,12386,12.954792022705078,,11
-134.60019,30.209139,-92.04947,-175.83429,79.83333333333333,-124.53111,54.95244,-76.42346,-288.78445,77.07692307692308,-4.8390302658081055,13388,13.990180492401123,,12
-103.79222,58.745518,-19.421692,-183.77356,95.0,-127.704254,59.061985,-56.044,-220.88544,84.83333333333333,-7.706579208374023,14406,15.0514976978302,,13
-161.13924,71.00197,-100.85509,-284.53027,97.0,-117.3686,40.29711,-47.818947,-184.75056,87.16666666666667,-4.8679280281066895,15452,16.07126808166504,,14
-116.9541,12.074372,-100.353806,-131.42905,89.6,-131.124,51.368504,-29.63028,-201.23007,100.8,-8.824060440063477,16460,17.0543429851532,,15
-97.6713,65.06355,3.0125961,-200.60555,85.0,-124.43305,99.01724,-12.128132,-325.90222,96.0,-4.9477972984313965,17516,18.0445876121521,,16
-151.27266,39.374268,-102.63499,-220.42245,101.0,-118.2198,33.53956,-72.40015,-170.14099,94.0,-5.958355903625488,18550,19.06898522377014,,17
-102.17104,27.292595,-57.168907,-136.38159,71.66666666666667,-175.45569,95.76051,-81.32787,-398.77002,83.5,-5.5234599113464355,19552,20.019980669021606,,18
-79.429886,60.575016,5.098549,-184.55893,81.0,-140.85039,48.83541,-68.80467,-211.29153,86.58333333333333,-9.770442008972168,20591,20.9903404712677,,19
-105.33231,87.702065,34.83908,-202.56522,100.5,-139.11916,50.85843,-75.86353,-247.61336,87.25,-3.7022273540496826,21638,21.963828325271606,,20
-153.59181,48.090527,-107.25146,-214.69498,88.4,-123.84917,51.742195,-39.92263,-225.30508,93.36363636363636,-2.196258306503296,22665,22.952298641204834,,21
-133.355,19.125711,-107.580185,-166.8401,83.0,-112.09561,38.122044,-56.781155,-184.93246,86.25,-8.161799430847168,23700,23.92545509338379,,22
-166.86786,89.74879,-87.31114,-323.49112,90.8,-99.06827,51.541313,-17.93901,-214.01195,90.75,-6.837495803833008,24789,24.96710968017578,,23
-92.17372,22.81889,-58.978653,-122.47779,105.75,-100.029305,45.382668,33.509033,-147.67297,102.63636363636364,-1.5125856399536133,25918,26.109471082687378,,24
-88.58641,29.668634,-43.536583,-124.460434,100.25,-122.918,40.9419,-57.468468,-211.07549,87.23076923076923,-2.133575916290283,27052,27.19588589668274,,25
-106.420265,49.27233,-52.293804,-174.23541,85.8,-118.007256,42.130363,-17.71746,-184.42084,87.16666666666667,-2.4259073734283447,28098,28.190235376358032,,26
-130.681,57.77582,-54.953632,-216.58148,83.8,-61.515564,55.10306,28.07716,-142.15834,115.11111111111111,-0.7173789143562317,29134,29.186146020889282,,27
-103.167625,18.125204,-76.80197,-128.8051,90.6,-92.82121,49.80838,20.457,-158.88768,97.45454545454545,-4.381866455078125,30206,30.213651418685913,,28
-147.14148,73.42449,-74.37136,-256.65155,103.8,-124.64664,25.519485,-87.19078,-176.42221,86.33333333333333,-3.9166502952575684,31242,31.259544610977173,,29
-122.57999,92.897896,3.4158096,-239.12267,108.0,-127.09666,53.07463,-82.73639,-269.39062,96.0,-5.3329291343688965,32298,32.2779700756073,,30
-123.47136,105.96337,26.340614,-256.38568,95.4,-151.8592,69.74269,-72.29065,-265.32214,87.41666666666667,-6.931382179260254,33347,33.32209086418152,,31
-160.38097,79.4431,-74.30553,-267.4643,86.0,-172.47559,83.74012,-40.65779,-322.72552,92.0,-1.130154013633728,34359,34.30860424041748,,32
-180.05891,82.89751,-98.75334,-313.3062,101.25,-227.79121,75.55057,-102.25058,-360.07068,105.3,-7.362136363983154,35412,35.32335543632507,,33
-180.72186,77.94856,-74.78401,-285.26172,101.0,-150.77052,39.142574,-95.76536,-226.1116,98.0,-8.14074993133545,36490,36.3190016746521,,34
-141.71269,93.484566,29.518707,-256.91736,76.5,-183.94144,58.32484,-82.25146,-262.8341,103.7,-7.271542072296143,37527,37.34703493118286,,35
-131.603,78.99828,-73.73838,-267.15002,100.0,-159.79936,68.14514,-92.772575,-323.6189,95.9090909090909,-2.8949522972106934,38582,38.34480023384094,,36
-227.50452,78.287796,-143.89554,-334.69263,105.5,-123.25752,73.02799,-14.164701,-244.37187,115.6,-7.2284464836120605,39738,39.443034648895264,,37
-162.9673,44.611885,-115.61726,-236.30064,110.75,-170.29456,70.33908,-65.04189,-274.6955,104.3,-3.0998361110687256,40781,40.460498332977295,,38
-133.83829,37.32072,-65.63799,-170.7435,81.2,-152.49571,67.16941,-52.93433,-260.2183,112.44444444444444,-2.4350244998931885,41793,41.43656659126282,,39
-175.01448,42.441833,-103.30517,-214.12982,107.75,-197.9083,90.63119,-62.87128,-379.0967,101.4,-2.068600654602051,42807,42.43387985229492,,40
-135.84224,54.404343,-80.955956,-232.88228,97.2,-174.49896,62.239994,-72.82535,-267.8696,103.3,-6.51973295211792,43840,43.4766206741333,,41
-106.31637,84.58769,5.089813,-189.00708,85.0,-176.30823,56.16063,-76.135216,-261.07846,97.27272727272727,-3.1248135566711426,44910,44.53340744972229,,42
-161.59845,101.67909,-48.000984,-279.69513,109.5,-155.11919,55.3536,-52.295883,-233.98297,97.45454545454545,-5.651034832000732,45982,45.593955278396606,,43
-202.29065,47.77925,-142.83087,-271.60516,96.6,-141.37094,51.041714,-75.36615,-237.50174,100.2,-5.087268829345703,46984,46.63689947128296,,44
-148.62692,80.268585,-58.544952,-247.29782,89.6,-211.18033,64.7919,-108.6818,-308.45044,104.1,-2.926971673965454,48025,47.701130390167236,,45
-184.93655,117.1825,-90.95865,-385.6525,107.75,-174.43233,84.16798,-32.90812,-312.817,96.18181818181819,-0.28485798835754395,49083,48.750415563583374,,46
-212.33577,126.922966,-73.22653,-439.26163,100.2,-135.4739,60.007114,-49.678806,-267.57306,95.72727272727273,-3.2892274856567383,50136,49.85289406776428,,47
-46.784157,34.58228,-15.3283,-102.27185,101.75,-101.07495,72.66786,-19.492165,-285.46555,96.18181818181819,-0.6012399196624756,51194,50.888713121414185,,48
-89.10938,25.491451,-67.68533,-131.48418,102.25,-124.59175,64.69368,-61.761314,-247.61145,111.4,-0.1681148260831833,52308,51.97407627105713,,49
-59.39302,21.43722,-29.994217,-84.29235,105.25,-47.158367,65.2016,62.119583,-108.56288,337.25,-0.7855262160301208,53657,53.82344079017639,,50
-98.04885,82.14165,-25.532951,-250.73766,88.4,-106.83897,53.878468,-18.249214,-186.35992,108.0,-0.2510205805301666,54737,54.86259961128235,,51
-117.652695,71.21625,-42.462242,-225.46707,117.75,-76.2877,32.52476,-12.112381,-138.00858,108.2,-1.0569969415664673,55819,55.927958488464355,,52
-60.144676,15.307087,-33.297676,-80.678,96.6,-80.68569,58.567863,-19.891209,-243.1155,106.2,1.7724610567092896,56881,56.97871947288513,,53
-57.49163,17.517803,-33.245308,-77.863266,129.75,-44.479374,25.1331,-13.490662,-106.78224,113.0,0.23469555377960205,57898,58.02657747268677,,54
-72.50987,59.93509,-28.642105,-175.70055,112.5,-107.969185,70.07107,-32.86742,-260.5025,127.33333333333333,2.008720874786377,59044,59.12274646759033,,55
-103.060265,64.25935,-16.429161,-170.14943,140.66666666666666,-70.45009,37.916252,-26.698792,-143.61128,131.5,1.054301142692566,60096,60.15278244018555,,56
-109.88928,115.66398,-37.055634,-309.90216,109.0,-101.38481,80.04125,-20.956238,-280.49097,125.875,3.938157320022583,61103,61.16448450088501,,57
-129.97258,58.913387,-49.621925,-189.22696,147.66666666666666,-111.60937,63.74609,-54.60541,-216.66016,145.71428571428572,0.5840896368026733,62123,62.207850217819214,,58
-89.87124,49.1058,-43.79094,-157.9061,172.66666666666666,-112.20743,47.962414,-54.76029,-181.6091,137.5,0.01014644280076027,63223,63.34873151779175,,59
-153.60132,61.973743,-67.75029,-211.80162,146.66666666666666,-118.774376,73.98602,-34.035027,-248.67418,121.88888888888889,1.2960188388824463,64320,64.44713878631592,,60
-216.91864,81.88354,-80.00336,-295.61084,126.5,-168.42377,58.88319,-84.25921,-265.24786,128.25,-4.6403069496154785,65346,65.50456142425537,,61
-406.5188,76.82547,-314.4082,-502.47357,145.0,-156.40106,91.29781,-44.300625,-289.17587,134.75,-2.082347869873047,66424,66.57020926475525,,62
-192.68309,74.926254,-80.1297,-277.3214,156.75,-171.1078,88.2669,-25.66388,-313.3282,148.85714285714286,-2.889186143875122,67466,67.75969004631042,,63
-209.63362,111.3627,-66.132614,-337.58084,145.0,-173.11955,90.73084,-38.595398,-283.44205,162.85714285714286,2.559896945953369,68606,68.86976099014282,,64
-301.319,101.62516,-181.7847,-430.18878,194.66666666666666,-237.43513,54.922108,-104.26541,-300.35623,136.125,-0.9860783815383911,69695,70.05679750442505,,65
-90.43786,71.363686,-13.134254,-205.8493,121.0,-279.7154,101.50981,-90.1093,-415.8233,154.42857142857142,-4.234842777252197,70776,71.1695294380188,,66
-206.22491,120.72736,-86.24078,-362.61896,120.25,-216.4573,96.06385,-74.71901,-335.15094,203.8,-3.9836978912353516,71795,72.26378083229065,,67
-136.90288,101.724396,-56.04812,-280.37714,147.33333333333334,-187.14432,176.1966,156.06812,-347.6514,208.0,3.7244935035705566,72835,73.3716368675232,,68
-293.8384,56.173115,-244.65417,-372.45654,136.0,-182.96132,77.0154,-49.42075,-268.87054,164.57142857142858,-3.073293924331665,73987,74.49381685256958,,69
-287.4977,65.54015,-207.60628,-368.14093,181.66666666666666,-197.8022,81.276825,-79.06735,-331.2281,202.2,-5.206852436065674,74998,75.6322615146637,,70
-239.98906,31.78031,-198.168,-275.15552,187.66666666666666,-261.22287,144.90846,-27.659302,-485.91302,177.5,-2.0383896827697754,76063,76.79913330078125,,71
-212.87195,75.540665,-137.7195,-310.04736,129.75,-252.33098,95.144295,-31.141258,-333.25458,150.57142857142858,-2.17758846282959,77117,77.9214596748352,,72
-245.75262,81.058495,-164.69414,-326.81113,201.5,-114.628944,65.430084,-56.139046,-253.35672,188.33333333333334,1.4573237895965576,78247,79.03881454467773,,73
-187.98439,97.61917,-65.87398,-304.81628,184.66666666666666,-180.06981,46.991577,-116.940125,-236.17697,214.8,-3.9274580478668213,79321,80.25159335136414,,74
-152.81137,141.2463,15.358803,-292.68652,149.5,-159.62794,75.210846,-27.447096,-267.67874,161.0,3.2216694355010986,80448,81.47371125221252,,75
-109.83463,142.1232,34.722992,-303.05072,185.0,-168.73195,89.51591,-34.751335,-299.69775,151.85714285714286,-3.395139455795288,81511,82.61778783798218,,76
-259.73514,35.53584,-221.17986,-306.92892,140.0,-108.571,89.60352,-29.597412,-326.61514,140.125,-2.1437795162200928,82632,83.69892477989197,,77
-238.06848,150.01321,-88.05527,-388.0817,204.0,-268.45575,122.60703,-88.07925,-492.43866,183.28571428571428,-1.820041537284851,83915,84.99400877952576,,78
-55.468937,8.475412,-43.805035,-63.69128,141.0,-218.685,101.63183,-37.60367,-344.7918,185.0,-2.417217969894409,85025,86.09948134422302,,79
-72.28572,57.700054,-27.162415,-153.72742,166.0,-122.746185,74.48208,-42.349823,-220.32373,190.83333333333334,-8.198272705078125,86170,87.319491147995,,80
-86.1507,69.86358,-9.757729,-178.6101,146.66666666666666,-114.33097,90.972855,-14.338425,-306.0547,195.83333333333334,-1.4139069318771362,87345,88.50536251068115,,81
-96.51346,109.26502,-11.785896,-250.7888,162.0,-125.74983,92.88334,1.1468658,-268.5548,163.28571428571428,0.11878474801778793,88488,89.68821001052856,,82
-86.40955,15.32946,-71.08009,-101.73901,217.0,-54.643448,44.09769,4.133728,-143.1358,170.33333333333334,-0.48700445890426636,89510,90.72656846046448,,83
-48.746147,66.990166,18.244022,-115.73631,219.5,-43.396587,45.43137,21.202301,-120.52174,148.71428571428572,3.654602289199829,90551,91.80307745933533,,84
-65.27448,77.30262,9.455553,-171.74167,147.0,-38.31808,33.50675,-3.956627,-106.03984,144.85714285714286,2.197178363800049,91565,92.84909415245056,,85
-51.051464,14.559052,-30.932938,-64.90319,167.33333333333334,-46.15591,32.59812,7.048218,-100.46396,164.42857142857142,-0.276553213596344,92716,94.11454319953918,,86
-34.990143,15.253732,-20.524315,-56.081966,186.0,-22.398327,14.1172695,-5.35495,-45.563404,149.0,-0.053529929369688034,93759,95.26977372169495,,87
-2.909319,18.892433,22.043541,-23.65631,139.0,-32.87968,27.151934,17.26339,-66.69903,160.57142857142858,2.5912022590637207,94883,96.3930675983429,,88
-31.656803,33.886677,26.74341,-56.385353,146.25,-22.928188,34.207767,63.353104,-54.07752,124.44444444444444,2.3426930904388428,96003,97.62037348747253,,89
-36.44747,34.380367,-3.2567673,-83.8129,144.33333333333334,-51.22386,50.589996,-0.0096588135,-159.0387,125.375,1.287095546722412,97006,98.68894171714783,,90
-8.881499,14.205886,6.178065,-27.927269,150.66666666666666,-38.871006,22.529804,-16.239523,-90.964226,126.75,0.8773600459098816,98020,99.7225513458252,,91
-24.31374,38.39558,32.010677,-74.35051,106.75,-45.01772,31.256397,-6.3510933,-105.01797,113.33333333333333,1.4180800914764404,99040,100.74724698066711,,92
76.7816,0.0,76.7816,76.7816,1000.0,-23.987402,31.817278,7.204895,-93.896225,129.0,-0.33331558108329773,100072,102.82879614830017,,93
-2.2947242,29.563925,21.838654,-43.928684,140.33333333333334,-40.630257,20.863783,3.5820541,-75.92199,116.5,0.7995085716247559,101237,103.91497850418091,,94
-37.617317,39.433525,6.681999,-89.104355,136.0,-7.34064,24.045645,28.09436,-49.05757,130.75,1.670208215713501,102283,104.93118977546692,,95
-55.36409,12.468934,-43.68378,-72.64493,146.33333333333334,-13.416781,38.018833,37.187057,-90.10191,108.7,3.2998549938201904,103370,106.03099370002747,,96
-20.206612,36.183132,22.927986,-71.50295,131.0,-37.898335,35.751152,40.527206,-87.164566,117.11111111111111,-1.6566941738128662,104424,107.12256097793579,,97
-25.965927,11.413281,-12.899368,-40.121353,119.25,-22.38073,25.26022,20.651964,-74.01581,118.44444444444444,0.8813179731369019,105490,108.23236155509949,,98
20.143398,52.540874,72.68427,-32.397476,551.0,-8.024779,26.230913,44.26465,-48.091274,132.875,1.6472980976104736,106553,110.15484309196472,,99
-27.759647,30.771524,19.855614,-65.064285,122.25,-39.112217,40.210747,16.937561,-110.708206,120.66666666666667,1.6669286489486694,107639,111.2431993484497,,100
-34.001705,34.1568,20.084526,-64.66078,118.75,-38.579853,36.507298,20.416574,-112.02754,114.66666666666667,-1.5366939306259155,108671,112.26156401634216,,101
-11.393864,50.883694,60.41213,-51.377296,151.66666666666666,-31.90448,30.30987,10.028744,-74.50514,122.22222222222223,0.055097345262765884,109771,113.33661103248596,,102
-42.509243,56.523087,3.2268543,-122.152695,134.66666666666666,-10.708696,31.159086,38.51892,-62.3149,120.55555555555556,0.884838879108429,110856,114.33444476127625,,103
-39.762096,38.84049,-3.6993103,-105.04791,128.5,-54.139797,34.43655,-11.147354,-120.355965,158.0,2.7400403022766113,111962,115.46707963943481,,104
-6.6735997,21.342514,23.508839,-21.905195,136.66666666666666,-60.215614,52.879623,10.543083,-166.06845,129.5,1.8359295129776,112998,116.464111328125,,105
-46.53959,37.903694,6.9218674,-98.7021,128.25,-70.52158,36.358288,-20.521347,-123.60236,146.25,5.167148113250732,114168,117.62367725372314,,106
-80.81663,39.00899,-44.754513,-135.00284,143.66666666666666,-62.049953,41.56783,8.760136,-142.9204,128.25,2.6580636501312256,115194,118.62126755714417,,107
-172.98625,29.936016,-130.92007,-198.15158,160.0,64.458,0.0,64.458,64.458,1000.0,2.4455299377441406,116194,119.84738850593567,,108
-95.38613,68.870285,2.0091476,-144.6263,167.0,-116.07368,74.53824,-45.32064,-250.75005,168.57142857142858,-1.0616381168365479,117374,121.03666996955872,,109
-131.4546,44.732098,-94.72242,-194.42451,154.0,-153.8809,39.49858,-114.41032,-227.7931,177.0,5.742236137390137,118436,122.10862445831299,,110
-83.81939,60.83807,-23.650665,-167.16443,169.0,-90.03751,31.003845,-49.383392,-142.54065,174.33333333333334,4.098483085632324,119482,123.21197128295898,,111
-171.94983,30.434826,-137.45633,-211.49158,181.66666666666666,-34.273376,77.05835,43.466934,-182.00844,217.0,2.316864490509033,120567,124.40828442573547,,112
-168.29987,36.773956,-129.81865,-217.83705,190.0,-151.54497,53.52526,-82.86894,-207.87877,207.0,5.2963128089904785,121602,125.58784818649292,,113
-343.17682,159.47078,-183.70602,-502.64758,250.0,-135.88448,53.44958,-51.806114,-216.16187,225.4,3.6345629692077637,122729,126.80538558959961,,114
-162.63763,119.07462,-43.563004,-281.71225,217.5,-147.64536,81.66527,2.213173,-225.40918,225.0,2.94316029548645,123854,127.96610593795776,,115
-80.47306,8.597916,-71.875145,-89.07098,241.0,-191.1412,99.46899,-34.33115,-346.7463,231.0,-1.1676225662231445,125009,129.24433493614197,,116
5.4703712,0.0,5.4703712,5.4703712,1000.0,-283.98547,153.36555,-129.8,-506.60916,250.5,2.110464334487915,126011,131.217871427536,,117
-513.84106,0.0,-513.84106,-513.84106,408.0,-276.5137,166.41911,-131.42053,-555.204,242.2,-0.7991795539855957,127222,132.4970395565033,,118
-180.77992,29.404095,-155.53824,-222.01971,169.66666666666666,-365.51773,79.115616,-265.9794,-461.2419,251.75,-3.837029457092285,128229,133.64967703819275,,119
-687.7676,344.9841,-342.7835,-1032.7517,411.0,-329.94135,133.25482,-194.59138,-490.95126,266.25,-1.8896843194961548,129294,135.26231336593628,,120
-343.01334,91.316864,-215.79352,-425.84543,202.33333333333334,-297.0248,84.80957,-198.53796,-449.1771,169.83333333333334,3.854907989501953,130313,136.4641089439392,,121
-375.0754,110.70096,-264.37445,-485.77637,281.0,-354.14075,115.74078,-148.77545,-496.6781,273.0,1.327688455581665,131678,137.98644185066223,,122
-213.33609,138.86777,-74.46832,-352.20386,252.0,-354.50302,96.39603,-234.12325,-518.3008,232.8,1.987526774406433,132842,139.25868797302246,,123
-226.21075,103.62147,-122.58928,-329.8322,210.0,-295.08032,131.83081,-96.22602,-466.40808,258.0,-1.1913208961486816,133874,140.37769055366516,,124
-272.0625,27.294024,-237.48862,-306.55743,142.25,-266.54608,44.51057,-180.94823,-315.54993,183.0,-2.187793016433716,134972,141.5973641872406,,125
-263.03766,64.95961,-198.07803,-327.99725,218.5,-245.48631,91.26414,-74.0412,-330.18253,161.71428571428572,2.0150859355926514,136104,142.74638319015503,,126
-284.06485,0.0,-284.06485,-284.06485,493.0,-225.42929,75.37098,-143.90665,-347.08817,253.25,-0.47305309772491455,137117,143.9583704471588,,127
-150.34991,33.353256,-116.99666,-183.70317,302.0,-300.93848,101.73817,-203.3778,-510.05994,216.33333333333334,-0.6530063152313232,138415,145.4451334476471,,128
-189.57402,113.62027,-2.1851215,-307.1244,149.75,-278.35413,86.77758,-139.81242,-419.0409,135.625,3.3289449214935303,139500,146.63155961036682,,129
-298.25552,73.076416,-209.30243,-388.2925,146.66666666666666,-234.5844,30.143013,-198.63507,-280.79895,146.57142857142858,1.8473577499389648,140526,147.6666841506958,,130
-283.97897,43.37542,-241.22487,-343.4507,154.0,-244.62642,34.72897,-201.22496,-311.4555,156.85714285714286,-1.6410982608795166,141624,148.75508093833923,,131
-112.37759,52.79659,-40.74742,-166.44258,169.0,-260.33804,63.640884,-120.80974,-341.63342,143.14285714285714,1.7093268632888794,142626,149.79944515228271,,132
-239.656,14.212322,-219.80923,-252.32976,203.66666666666666,-233.12859,74.71943,-63.899372,-354.48438,125.0,-0.9036350250244141,143626,150.93091225624084,,133
-314.5713,79.76041,-226.07397,-419.46863,113.25,-281.91968,51.285126,-214.62393,-369.44873,149.875,0.9531083106994629,144825,152.07671880722046,,134
-330.38358,21.138119,-303.60193,-355.27603,170.0,-250.75821,120.599304,-45.01167,-434.62985,137.75,2.9004251956939697,145927,153.20203351974487,,135
-249.9043,131.88583,-28.260296,-354.7973,151.0,-278.06418,69.2615,-192.96645,-395.49585,145.14285714285714,-4.0592145919799805,146943,154.3430199623108,,136
-282.92914,67.939354,-224.54913,-378.20593,153.33333333333334,-294.9323,109.52336,-142.78938,-504.23993,135.375,-1.8566584587097168,148026,155.41981101036072,,137
-227.34285,68.62913,-143.77278,-311.87094,143.66666666666666,-311.4178,87.032974,-139.41046,-426.58444,160.0,2.8798439502716064,149146,156.51181769371033,,138
-282.33157,25.351568,-247.74693,-307.80804,182.66666666666666,-302.96387,150.37093,-124.217354,-589.8171,152.28571428571428,0.5911678671836853,150212,157.65094566345215,,139
-349.62552,161.21295,-201.3989,-619.1722,121.0,-317.95374,75.68884,-205.1201,-452.4249,135.875,3.088552236557007,151299,158.7612509727478,,140
-272.11633,62.756138,-183.78459,-323.74057,188.33333333333334,-312.5384,127.055115,-122.77923,-533.8922,136.5,1.8593361377716064,152391,159.93310284614563,,141
-187.124,94.85623,-92.26775,-281.98022,230.5,-231.64839,88.42754,-78.81346,-379.7615,168.0,2.4147496223449707,153399,161.0313618183136,,142
-137.54616,13.349966,-121.526505,-154.20818,168.33333333333334,-246.0575,82.68826,-125.62865,-376.12915,152.57142857142858,4.005552291870117,154467,162.15754675865173,,143
-152.12364,47.11945,-85.65835,-189.4961,161.66666666666666,-293.03653,57.183495,-220.57523,-408.53702,155.57142857142858,3.2708992958068848,155556,163.28685069084167,,144
-185.14693,21.206701,-165.14877,-214.50166,148.33333333333334,-256.85477,96.67949,-53.16165,-325.0987,200.5,4.4151740074157715,156759,164.51985955238342,,145
-322.53528,127.17761,-143.94888,-430.30533,228.66666666666666,-258.23764,105.86244,-103.98879,-396.69193,197.16666666666666,1.7774760723114014,157942,165.92248916625977,,146
-292.8173,86.51815,-206.29915,-379.33545,256.0,-281.3722,117.244545,-76.96869,-399.8852,189.5,2.05171799659729,159079,167.19760704040527,,147
-240.28062,20.64357,-219.63705,-260.9242,281.5,-247.63606,84.23021,-121.17415,-331.22906,243.2,2.7175920009613037,160295,168.58549737930298,,148
-231.11218,145.37791,-34.654312,-381.8324,195.66666666666666,-268.56,86.222534,-143.88794,-414.3813,232.2,-0.28014618158340454,161456,169.88566184043884,,149
-230.48901,168.0698,-3.7699738,-405.65503,202.33333333333334,-249.9706,234.97086,-20.380793,-713.3813,189.5,0.8596275448799133,162593,171.16416096687317,,150
-221.65474,166.82272,-28.633575,-435.6466,157.33333333333334,-178.37285,145.31865,42.44597,-380.80298,173.83333333333334,1.195461392402649,163636,172.25869488716125,,151
-295.5932,19.59703,-275.99615,-315.19022,203.5,-310.0436,104.39265,-124.04703,-419.9238,223.6,2.9623594284057617,164754,173.41834950447083,,152
-279.8252,328.75336,48.928165,-608.57855,678.0,-270.77573,132.5632,-44.336487,-501.82507,176.33333333333334,-2.094482183456421,165812,175.56395769119263,,153
-284.88556,33.517643,-252.64818,-331.0993,149.66666666666666,-353.1981,238.52606,-50.53604,-690.485,222.0,3.1618428230285645,166922,176.82187366485596,,154
-255.31555,149.28943,-78.41915,-443.57233,168.66666666666666,-300.20502,32.83785,-232.6586,-357.1336,145.5,-2.3146018981933594,168086,178.05827164649963,,155
-350.3804,86.80015,-284.1291,-473.0017,151.33333333333334,-314.44196,60.353374,-214.82617,-378.02332,145.0,0.050175268203020096,169101,179.15209460258484,,156
-506.1101,23.914627,-477.11,-535.6803,151.66666666666666,-398.8206,37.16955,-351.24,-474.7091,143.57142857142858,-2.6773269176483154,170106,180.21032571792603,,157
-662.42267,68.81483,-582.0357,-750.1206,142.0,-488.6276,76.587585,-357.8496,-587.1581,125.77777777777777,-2.5944769382476807,171238,181.35178327560425,,158
-721.1773,83.90991,-619.99445,-825.46075,157.33333333333334,-564.48004,114.336136,-339.2527,-670.94366,142.375,-7.102258682250977,172377,182.5900843143463,,159
-770.5077,66.47274,-658.1143,-829.6784,123.75,-652.7294,137.16153,-503.37296,-836.9319,147.14285714285714,-5.113140106201172,173407,183.7357428073883,,160
-1046.3959,122.851166,-933.36646,-1217.1772,168.0,-844.9484,49.639565,-781.97375,-944.1057,154.71428571428572,-3.992469310760498,174490,184.8595027923584,,161
-835.7077,139.98935,-639.75165,-958.1083,168.66666666666666,-935.9755,255.8035,-495.36465,-1214.6752,146.57142857142858,-1.8922935724258423,175516,186.014386177063,,162
-740.4087,357.89978,-234.60645,-1009.4804,136.33333333333334,-938.7108,158.91765,-647.09436,-1162.6809,161.14285714285714,-2.1573615074157715,176644,187.15284872055054,,163
-963.85864,36.375973,-913.2683,-997.2335,149.0,-757.50806,163.89413,-530.4356,-979.57434,116.44444444444444,-2.971755266189575,177692,188.21525716781616,,164
-907.10516,266.92114,-529.73926,-1103.9482,140.66666666666666,-733.38855,208.62215,-419.57913,-1046.8116,112.55555555555556,-1.260916829109192,178705,189.2785348892212,,165
-848.4164,141.00552,-672.1671,-993.2761,126.0,-742.5042,175.65463,-500.6996,-968.2234,124.0,-3.1944265365600586,179821,190.45690369606018,,166
-799.3596,189.70639,-533.6864,-964.53937,150.66666666666666,-868.24866,221.17415,-466.62262,-1168.2124,132.5,-1.5181679725646973,180881,191.58571219444275,,167
-896.8431,113.08532,-737.12396,-983.7582,161.66666666666666,-847.35144,180.97206,-400.21237,-1045.3431,139.875,-3.7136070728302,182000,192.74677109718323,,168
-755.82715,285.25793,-372.97836,-1150.6951,129.0,-860.92114,163.32613,-516.531,-1015.09625,137.5,-1.5731151103973389,183100,193.91706323623657,,169
-898.001,228.62299,-590.3014,-1137.8358,139.0,-712.8989,199.41129,-443.88654,-1002.58344,129.22222222222223,-0.4040522575378418,184263,195.1706292629242,,170
-800.5552,106.48022,-645.8691,-945.81287,126.75,-819.8658,204.06067,-464.42218,-1080.6195,136.375,-1.709898829460144,185354,196.40923738479614,,171
-770.68317,243.14189,-421.86044,-1073.7533,110.75,-815.0586,137.85855,-631.25464,-978.3424,159.71428571428572,-1.7536823749542236,186472,197.61198592185974,,172
-913.51056,18.957644,-888.1417,-933.70526,154.66666666666666,-676.6384,218.74799,-178.28812,-977.98987,111.3,-1.8170738220214844,187585,198.73227310180664,,173
-729.06604,117.34124,-584.53296,-874.2868,111.25,-875.9827,199.86583,-562.27905,-1199.3933,148.14285714285714,-2.9573264122009277,188622,199.77281427383423,,174
-792.3335,209.15527,-484.66678,-1039.0531,129.5,-933.7327,255.94836,-416.74722,-1137.4465,134.875,-3.0647754669189453,189701,200.93571615219116,,175
-710.7258,144.10233,-586.1582,-939.5758,117.0,-821.7256,292.18835,-384.38193,-1335.8834,138.875,-1.0527476072311401,190812,202.09873580932617,,176
-1073.8807,65.3505,-1015.98645,-1165.2156,169.66666666666666,-1028.5153,295.78555,-443.76532,-1352.3142,166.66666666666666,-0.6039232015609741,191812,203.21022367477417,,177
-661.75354,282.5471,-234.78395,-1026.25,111.0,-772.5587,234.21931,-460.15295,-1112.8267,126.75,-2.0033788681030273,192826,204.24114561080933,,178
-720.5282,319.3681,-385.14417,-1120.6902,129.5,-913.8318,252.91913,-458.66278,-1207.5376,139.0,-3.531392812728882,193938,205.45767784118652,,179
-640.98944,195.3867,-459.47305,-936.40546,107.75,-858.38434,310.1167,-421.5688,-1268.1633,134.625,-3.505873918533325,195015,206.54118490219116,,180
-893.88934,214.27478,-662.50684,-1119.1516,127.0,-899.9481,210.33308,-499.13214,-1108.0487,133.875,-3.598864793777466,196086,207.68872332572937,,181
-681.0903,263.7797,-316.28387,-930.99756,143.66666666666666,-805.75885,175.08192,-537.51904,-1041.3945,125.875,-2.1392393112182617,197093,208.75410342216492,,182
-906.64044,181.93079,-672.93695,-1116.6868,152.66666666666666,-827.0863,207.57594,-460.3785,-1060.0024,133.375,-2.4736435413360596,198160,209.8851819038391,,183
-596.73224,256.79913,-271.33786,-986.5461,103.0,-837.0946,227.8284,-450.05728,-1065.3574,144.42857142857142,-1.0019749402999878,199171,210.96363854408264,,184
-664.00494,269.7125,-489.11398,-1129.5332,113.25,-958.8978,140.92789,-681.16516,-1131.4016,142.85714285714286,-2.1156415939331055,200171,212.02116870880127,,185
-995.17645,355.2909,-504.3567,-1333.6958,157.66666666666666,-812.1605,341.35095,-259.9198,-1351.6656,133.22222222222223,-0.9473152756690979,201370,213.2349991798401,,186
-713.839,280.59247,-355.73663,-1115.2482,122.0,-810.04156,441.51068,-369.25684,-1802.9653,123.11111111111111,-2.4013452529907227,202478,214.3907630443573,,187
-764.1438,280.54022,-399.87045,-1186.2195,113.75,-653.74585,354.4854,-248.76178,-1232.2512,113.22222222222223,-2.748847484588623,203497,215.44109749794006,,188
-1276.686,33.095276,-1243.5907,-1309.7812,204.5,-1199.1581,378.6592,-483.7911,-1703.7471,173.5,-5.168673515319824,204538,216.534197807312,,189
-963.7483,371.39346,-439.8883,-1258.5066,143.66666666666666,-915.08545,361.39557,-404.62503,-1381.4034,144.42857142857142,-3.130565643310547,205549,217.60319685935974,,190
-989.2324,340.0822,-511.5846,-1276.7727,144.33333333333334,-817.27496,387.89832,-344.93378,-1352.3557,133.5,-3.010056257247925,206617,218.70440435409546,,191
-952.70734,258.09164,-618.51965,-1246.907,143.33333333333334,-841.8295,399.15396,-298.6371,-1437.6862,131.25,-1.3052635192871094,207667,219.7929503917694,,192
-710.3625,298.86246,-510.78915,-1295.1515,109.0,-682.9488,240.708,-382.78705,-1091.9806,114.77777777777777,-0.1895553320646286,208700,220.92522430419922,,193
-755.8644,248.50127,-515.3231,-1171.8167,113.25,-926.10706,401.65863,-402.86807,-1546.0686,136.125,-3.0822129249572754,209789,222.03579688072205,,194
-1127.5345,110.4269,-1016.823,-1278.2756,176.33333333333334,-972.89307,306.0012,-662.3892,-1528.9792,143.42857142857142,-1.7963247299194336,210793,223.20963740348816,,195
-1073.2367,326.17578,-638.26196,-1423.7041,154.0,-687.43353,224.55461,-489.93277,-1274.072,115.66666666666667,-0.5255524516105652,211834,224.3346004486084,,196
-884.89404,289.928,-445.3181,-1219.446,133.75,-644.8676,286.32944,-340.77435,-1365.637,105.1,-1.0001968145370483,212885,225.505784034729,,197
-868.3991,425.53537,-406.98206,-1552.6626,142.75,-827.6283,369.56113,-514.79016,-1477.8948,136.625,-1.2424870729446411,213978,226.74785137176514,,198
-763.9571,462.03757,-278.97644,-1385.6748,133.66666666666666,-722.3906,316.74924,-439.49423,-1289.6573,127.25,-1.9607304334640503,214996,227.79155898094177,,199
